block_number, number_txs, fetch_duration, proof_duration, gas_used, difficulty
1, 0, 0.183798107, 39.44462568, 0, 0
2, 0, 0.193665507, 36.858188481, 0, 0
3, 0, 0.220206325, 36.757255408, 0, 0
4, 0, 0.22509771, 36.602745608, 0, 0
5, 0, 0.22041644, 36.727475638, 0, 0
6, 2, 0.261391894, 47.012471306, 42000, 0
7, 12, 0.257552474, 291.705178126, 252000, 0
8, 12, 0.25249587, 326.47593614, 252000, 0
9, 12, 0.256132939, 306.392647597, 252000, 0
10, 12, 0.289759258, 300.279278174, 252000, 0